<?xml version="1.0" encoding="UTF-8"?>
<project-private xmlns="http://www.netbeans.org/ns/project-private/1">
    <editor-bookmarks xmlns="http://www.netbeans.org/ns/editor-bookmarks/2" lastBookmarkId="0"/>
    <open-files xmlns="http://www.netbeans.org/ns/projectui-open-files/2">
        <group>
            <file>file:/C:/Users/kjyothi/Desktop/Process%20Merging/src/LatestMerging/oldSM.java</file>
            <file>file:/C:/Users/kjyothi/Desktop/Process%20Merging/src/LatestMerging/SynchronousMerge.java</file>
            <file>file:/C:/Users/kjyothi/Desktop/Process%20Merging/src/LatestMerging/ModifiedProcessMerging.java</file>
            <file>file:/C:/Users/kjyothi/Desktop/Process%20Merging/src/process/merging/oldSM.java</file>
            <file>file:/C:/Users/kjyothi/Desktop/Process%20Merging/src/process/merging/NewProcessMerging.java</file>
            <file>file:/C:/Users/kjyothi/Desktop/Process%20Merging/src/process/merging/SynchronousMerge.java</file>
            <file>file:/C:/Users/kjyothi/Desktop/Process%20Merging/src/process/merging/AsynchronousMerge.java</file>
            <file>file:/C:/Users/kjyothi/Desktop/Process%20Merging/src/LatestMerging/NewProcessMerging.java</file>
            <file>file:/C:/Users/kjyothi/Desktop/Process%20Merging/src/process/merging/InteractiveMerge.java</file>
            <file>file:/C:/Users/kjyothi/Desktop/Process%20Merging/src/LatestMerging/InteractiveMerge.java</file>
            <file>file:/C:/Users/kjyothi/Desktop/Process%20Merging/src/process/merging/ModifiedProcessMerging.java</file>
            <file>file:/C:/Users/kjyothi/Desktop/Process%20Merging/src/process/merging/ParallelMerge.java</file>
            <file>file:/C:/Users/kjyothi/Desktop/Process%20Merging/src/LatestMerging/AsynchronousMerge.java</file>
            <file>file:/C:/Users/kjyothi/Desktop/Process%20Merging/src/LatestMerging/ParallelMerge.java</file>
        </group>
    </open-files>
</project-private>
