<?xml version="1.0"?>
<ProcessDefinition>
	<objects>
		<object id="_1" name="Order"/>
		<object id="_2" name="Products"/>
		<object id="_3" name="Invoice"/>
		<object id="_4" name="Payment"/>
	</objects>
	<CollaboratingProcesses>
		<process p_id="_1" name="Buyer">
			<startEvent name="init"/>
			<task name="Make Order">
				<inputobject id="_1" state="init"/>
				<messageflows p_id="_2">
					<mout m_id="_1" id="_1" state="init" p_id="_2"/>
					<min m_id="_2" p_id="_2">
						<obj1 id="_1" state="sent"/>
						<obj2 id="_3" state="sent"/>
					</min>
				</messageflows>
			</task>
			<gateway name="xorsplit">
				<branch>
					<task name="Receive Order">
						<inputobject id="_1" state="sent"/>
						<outputobject id="_1" state="received"/>
					</task>
				</branch>
				<branch>
					<task name="Receive Invoice">
						<inputobject id="_3" state="sent"/>
						<outputobject id="_3" state="received"/>
					</task>
					<gateway name="xormerge"/>
				</branch>
			</gateway>
			<task name="Request Payment">
				<inputobject>
					<obj1 id="_1" state="received"/>
					<obj2 id="_3" state="received"/>
				</inputobject>
				<outputobject id="_4" state="requested"/>
			</task>
			<task name="Payment Approval">
				<inputobject id="_4" state="requested"/>
				<outputobject id="_4" state="approved"/>
			</task>
			<task name="Send Payment">
				<inputobject id="_4" state="approved"/>
				<outputobject>
					<obj1 id="_4" state="sent"/>
					<obj2 id="_3" state="closed"/>
				</outputobject>
				<messageflows p_id="_2">
					<mout m_id="_4" id="_4" state="sent" p_id="_2"/>
				</messageflows>
			</task>
			<task name="Record Payment">
				<inputobject id="_3" state="closed"/>
				<outputobject id="_4" state="recorded"/>
			</task>
			<endEvent name="End"/>
		</process>
		<process p_id="_2" name="Seller">
			<startEvent name="init"/>
			<task name="Receive Order">
				<messageflows p_id="_1">
					<min m_id="_1" id="_1" state="init" p_id="_1"/>
				</messageflows>
				<inputobject id="_1" state="init"/>
				<outputobject id="_1" state="received"/>
			</task>
			<task name="Check Stock">
				<inputobject id="_1" state="received"/>
				<outputobject>
					<obj1 id="_2" state="not in stock"/>
					<obj2 id="_2" state="in stock"/>
				</outputobject>
			</task>
			<gateway name="xorsplit">
				<branch>
					<gateway name="andsplit">
						<branch>
							<task name="Plan Product">
								<inputobject id="_2" state="not in stock"/>
								<outputobject id="_2" state="planned"/>
							</task>
						</branch>
						<branch>
							<task name="Schedule Product">
								<inputobject id="_2" state="not in stock"/>
								<outputobject id="_2" state="scheduled"/>
							</task>
						</branch>
						<gateway name="andmerge"/>
					</gateway>
					<task name="Manufacture Product">
						<inputobject>
							<obj1 id="_2" state="planned"/>
							<obj2 id="_2" state="scheduled"/>
						</inputobject>
						<outputobject id="_2" state="made"/>
					</task>
				</branch>
				<branch>
					<gateway name="xormerge"/>
				</branch>
			</gateway>
			<task name="Plan Delivery">
				<inputobject>
					<obj1 id="_2" state="in stock"/>
					<obj2 id="_2" state="made"/>
				</inputobject>
				<outputobject id="_2" state="delivery planned"/>
			</task>
			<task name="Send Order and Invoice">
				<inputobject id="_2" state="delivery planned"/>
				<outputobject>
					<obj1 id="_1" state="sent"/>
					<obj2 id="_3" state="sent"/>
				</outputobject>
				<messageflows p_id="_1">
					<mout m_id="_3" p_id="_1">
						<obj1 id="_1" state="sent"/>
						<obj2 id="_3" state="sent"/>
					</mout>
				</messageflows>
			</task>
			<task name="Receive Payment">
				<messageflows p_id="_1">
					<min m_id="_4" id="_4" state="sent" p_id="_1"/>
				</messageflows>
				<inputobject id="_4" state="sent"/>
				<outputobject id="_4" state="received"/>
			</task>
			<task name="Clear Invoice">
				<inputobject id="_4" state="received"/>
				<outputobject>
					<obj1 id="_1" state="paid"/>
					<obj2 id="_3" state="cleared"/>
				</outputobject>
			</task>
			<endEvent name="End"/>
		</process>
	</CollaboratingProcesses>
</ProcessDefinition>
