<?xml version="1.0" encoding="UTF-8" standalone="no"?>
<IntegratedProcess>
	<Objects>
		<object id="_1" name="Order"/>
		<object id="_2" name="Products"/>
		<object id="_3" name="Invoice"/>
		<object id="_4" name="Payment"/>
	</Objects>
	<ProcessDefinition>
		<startEvent name="init"/>
		<task name="Make Order">
			<inputobject id="_1" state="init"/>
		</task>
		<task name="Receive Order">
			<inputobject id="_1" state="init"/>
			<outputobject id="_1" state="received"/>
		</task>
		<task name="Check Stock">
			<inputobject id="_1" state="received"/>
			<outputobject>
				<obj1 id="_2" state="not in stock"/>
				<obj2 id="_2" state="in stock"/>
			</outputobject>
		</task>
		<gateway name="xorsplit">
			<branch>
				<gateway name="andsplit">
					<branch>
						<task name="Plan Product">
							<inputobject id="_2" state="not in stock"/>
							<outputobject id="_2" state="planned"/>
						</task>
					</branch>
					<branch>
						<task name="Schedule Product">
							<inputobject id="_2" state="not in stock"/>
							<outputobject id="_2" state="scheduled"/>
						</task>
					</branch>
					<gateway name="andmerge"/>
				</gateway>
				<task name="Manufacture Product">
					<inputobject>
						<obj1 id="_2" state="planned"/>
						<obj2 id="_2" state="scheduled"/>
					</inputobject>
					<outputobject id="_2" state="made"/>
				</task>
			</branch>
			<branch>
				<gateway name="xormerge"/>
			</branch>
		</gateway>
		<task name="Plan Delivery">
			<inputobject>
				<obj1 id="_2" state="in stock"/>
				<obj2 id="_2" state="made"/>
			</inputobject>
			<outputobject id="_2" state="delivery planned"/>
		</task>
		<task name="Send Order and Invoice">
			<inputobject id="_2" state="delivery planned"/>
			<outputobject>
				<obj1 id="_1" state="sent"/>
				<obj2 id="_3" state="sent"/>
			</outputobject>
		</task>
		<gateway name="andsplit">
			<branch>
				<gateway name="xorsplit">
					<branch>
						<task name="Receive Order">
							<inputobject id="_1" state="sent"/>
							<outputobject id="_1" state="received"/>
						</task>
					</branch>
					<branch>
						<task name="Receive Invoice">
							<inputobject id="_3" state="sent"/>
							<outputobject id="_3" state="received"/>
						</task>
						<gateway name="xormerge"/>
					</branch>
				</gateway>
				<task name="Request Payment">
					<inputobject>
						<obj1 id="_1" state="received"/>
						<obj2 id="_3" state="received"/>
					</inputobject>
					<outputobject id="_4" state="requested"/>
				</task>
				<task name="Payment Approval">
					<inputobject id="_4" state="requested"/>
					<outputobject id="_4" state="approved"/>
				</task>
			</branch>
			<branch>
				<gateway name="andmerge"/>
			</branch>
		</gateway>
		<gateway name="andsplit">
			<branch>
				<task name="Send Payment">
					<inputobject id="_4" state="approved"/>
				</task>
			</branch>
			<branch>
				<task name="Pre_Receive Payment"/>
			</branch>
			<gateway name="andmerge"/>
		</gateway>
		<task name="Post_Receive Payment">
			<inputobject id="_4" state="sent"/>
			<outputobject id="_4" state="received"/>
		</task>
		<gateway name="andsplit">
			<branch>
				<task name="Record Payment">
					<inputobject id="_3" state="closed"/>
					<outputobject id="_4" state="recorded"/>
				</task>
			</branch>
			<branch>
				<task name="Clear Invoice">
					<inputobject id="_4" state="received"/>
					<outputobject>
						<obj1 id="_1" state="paid"/>
						<obj2 id="_3" state="cleared"/>
					</outputobject>
				</task>
			</branch>
			<gateway name="andmerge"/>
		</gateway>
		<endEvent name="End"/>
	</ProcessDefinition>
</IntegratedProcess>